{"model":{"version":3,"nodes":[{"name":"RootNode","position":[0,0,0],"rotation":[0,0,0],"scale":[0.01,0.01,0.01],"scaleCompensation":false},{"name":"Object001","position":[45.0108,12.4199,375.743],"rotation":[-90,-0,0],"scale":[1.85969,3.29253,1.85969],"scaleCompensation":false}],"parents":[-1,0],"skins":[],"morphs":[],"vertices":[{"position":{"type":"float32","components":3,"data":[5.76814,-159.945,1.97284,5.76813,159.945,1.97281,4.70222,159.945,0.126595,4.70223,-159.945,0.126626,3.06915,159.945,-1.24371,3.06915,-159.945,-1.24368,1.06591,159.945,-1.97284,1.06592,-159.945,-1.97281,-1.06591,159.945,-1.97284,-1.0659,-159.945,-1.97281,-3.06916,159.945,-1.24371,-3.06916,-159.945,-1.24368,-4.70223,159.945,0.126595,-4.70223,-159.945,0.126626,-5.76814,159.945,1.9728,-5.76814,-159.945,1.97284]},"normal":{"type":"float32","components":3,"data":[-0.866026,2.82101e-08,0.499999,-0.866025,3.92359e-08,0.5,-0.766045,5.00868e-08,0.642787,-0.766044,5.31054e-08,0.642788,-0.500001,7.78751e-08,0.866025,-0.5,8.16594e-08,0.866025,-0.173649,9.75771e-08,0.984808,-0.17365,9.2745e-08,0.984807,0.173647,9.89574e-08,0.984808,0.173648,9.96655e-08,0.984808,0.5,9.17459e-08,0.866026,0.499999,8.77129e-08,0.866026,0.766044,6.75003e-08,0.642788,0.766045,6.85454e-08,0.642787,0.866025,4.88666e-08,0.5,0.866026,6.02632e-08,0.499999]},"texCoord0":{"type":"float32","components":2,"data":[0.104277,0.153543,0.104277,0.83915,0.0923108,0.839151,0.0923111,0.153545,0.080345,0.839152,0.0803453,0.153547,0.0683792,0.839152,0.0683795,0.15355,0.0564135,0.839153,0.0564137,0.153552,0.0444476,0.839154,0.0444479,0.153554,0.0324819,0.839155,0.032482,0.153557,0.0205161,0.839156,0.0205164,0.153559]}}],"meshes":[{"aabb":{"min":[-5.76814,-159.945,-1.97284],"max":[5.76814,159.945,1.97284]},"vertices":0,"indices":[0,1,2,2,3,0,3,2,4,4,5,3,5,4,6,6,7,5,7,6,8,8,9,7,9,8,10,10,11,9,11,10,12,12,13,11,13,12,14,14,15,13],"type":"triangles","base":0,"count":42}],"meshInstances":[{"node":1,"mesh":0}]}}