{"model":{"version":3,"nodes":[{"name":"RootNode","position":[0,0,0],"rotation":[0,0,0],"scale":[0.0254,0.0254,0.0254],"scaleCompensation":false},{"name":"luces","position":[0,0,0],"rotation":[-90,0,0],"scale":[1,1,1],"scaleCompensation":false}],"parents":[-1,0],"skins":[],"morphs":[],"vertices":[{"position":{"type":"float32","components":3,"data":[204.422,378.95,-166.105,204.422,378.95,-381.98,298.891,340.835,-381.98,298.891,340.835,-166.105,499.476,161.451,-381.98,499.476,161.451,-166.105,439.533,243.817,-166.105,439.533,243.817,-381.98,-203.623,378.95,-166.105,-298.092,340.835,-166.105,-298.092,340.835,-381.98,-203.623,378.95,-381.98,-498.677,161.451,-381.98,-438.734,243.817,-381.98,-438.734,243.817,-166.105,-498.677,161.451,-166.105]},"normal":{"type":"float32","components":3,"data":[-0.374157,-0.927365,0,-0.374157,-0.927365,0,-0.374157,-0.927365,0,-0.374157,-0.927365,0,-0.808549,-0.588429,0,-0.808549,-0.588429,0,-0.808549,-0.588429,0,-0.808549,-0.588429,0,0.374157,-0.927365,0,0.374157,-0.927365,0,0.374157,-0.927365,0,0.374157,-0.927365,0,0.808549,-0.588429,0,0.808549,-0.588429,0,0.808549,-0.588429,0,0.808549,-0.588429,0]},"texCoord0":{"type":"float32","components":2,"data":[1.01796,0.0366201,1.01796,1.08236,0.550906,1.08236,0.550905,0.0366201,0.550906,1.08236,0.550905,0.0366201,1.01796,0.0366201,1.01796,1.08236,1.01796,0.0366201,0.550905,0.0366201,0.550906,1.08236,1.01796,1.08236,0.555733,1.08393,1.01313,1.08393,1.01313,0.0354721,0.555733,0.0354721]}}],"meshes":[{"aabb":{"min":[-498.677,161.451,-381.98],"max":[499.476,378.95,-166.105]},"vertices":0,"indices":[0,1,2,2,3,0,4,5,6,6,7,4,8,9,10,10,11,8,12,13,14,14,15,12],"type":"triangles","base":0,"count":24}],"meshInstances":[{"node":1,"mesh":0}]}}