{"model":{"version":3,"nodes":[{"name":"RootNode","position":[0,0,0],"rotation":[0,0,0],"scale":[0.01,0.01,0.01],"scaleCompensation":false},{"name":"Object012","position":[0,0,0],"rotation":[-90,-0,0],"scale":[1,1,1],"scaleCompensation":false}],"parents":[-1,0],"skins":[],"morphs":[],"vertices":[{"position":{"type":"float32","components":3,"data":[-50.6757,-3.05176e-05,-27.8867,50.6757,-3.05176e-05,-27.8867,-31.6839,-3.05176e-05,27.8867,31.684,-3.05176e-05,27.8867]},"normal":{"type":"float32","components":3,"data":[0,-1,0,0,-1,0,0,-1,0,0,-1,0]},"texCoord0":{"type":"float32","components":2,"data":[-5.96046e-08,0.0197999,1,0.0197999,0.187385,1,0.812615,1]}}],"meshes":[{"aabb":{"min":[-50.6757,-3.05176e-05,-27.8867],"max":[50.6757,-3.05176e-05,27.8867]},"vertices":0,"indices":[0,1,2,3,2,1],"type":"triangles","base":0,"count":6}],"meshInstances":[{"node":1,"mesh":0}]}}