{"model":{"version":3,"nodes":[{"name":"RootNode","position":[0,0,0],"rotation":[0,0,0],"scale":[0.01,0.01,0.01],"scaleCompensation":false},{"name":"Cylinder002","position":[0,9.06403,1.93515e-06],"rotation":[-90,-90,0],"scale":[1,1,1],"scaleCompensation":false},{"name":"Dummy001","position":[0,9.37386,2.01305e-07],"rotation":[3.8147e-06,-90,3.8147e-06],"scale":[1,1,1],"scaleCompensation":false},{"name":"Dummy002","position":[0,5.0337,0],"rotation":[0,-0,-3.823e-20],"scale":[0.158682,0.158682,0.158682],"scaleCompensation":false}],"parents":[-1,0,0,2],"skins":[{"inverseBindMatrices":[[4.37114e-08,-1.62921e-07,-1,0,1.57772e-30,1,-1.62921e-07,0,1,7.12149e-15,4.37114e-08,0,-1.8755e-07,-9.05918,1.47593e-06,1]],"boneNames":["Dummy001"]}],"morphs":[],"vertices":[{"position":{"type":"float32","components":3,"data":[-0.56431,-0.311844,-1.73677,0.564315,-0.311844,-1.73677,1.47739,-0.311843,-1.07338,1.82615,-0.311843,3.8589e-06,1.47739,-0.311843,1.07339,0.564313,-0.311842,1.73678,-0.56431,-0.311842,1.73678,-1.47739,-0.311843,1.07339,-1.82615,-0.311843,2.88606e-06,-1.47739,-0.311843,-1.07338,-1.82615,-0.311843,2.88606e-06,-1.47739,-0.311843,1.07339,-2.22697,3.33728,1.61799,-2.75268,3.33728,2.15323e-06,-0.56431,-0.311842,1.73678,-0.850625,3.33728,2.61796,-0.56431,-0.311842,1.73678,0.564313,-0.311842,1.73678,0.850627,3.33728,2.61796,-0.850625,3.33728,2.61796,1.47739,-0.311843,1.07339,2.22697,3.33728,1.61799,1.82615,-0.311843,3.8589e-06,2.75269,3.33728,3.34309e-06,1.47739,-0.311843,-1.07338,2.22697,3.33728,-1.61799,0.564315,-0.311844,-1.73677,0.85063,3.33728,-2.61796,-0.56431,-0.311844,-1.73677,-0.850625,3.33728,-2.61796,-1.47739,-0.311843,-1.07338,-2.22697,3.33728,-1.61799,-2.33377,6.13523,1.69559,-2.8847,6.13523,1.46474e-06,-0.89142,6.13523,2.74351,0.891422,6.13523,2.74351,-0.89142,6.13523,2.74351,2.33377,6.13523,1.69559,2.8847,6.13523,2.88148e-06,2.33377,6.13523,-1.69558,0.891425,6.13523,-2.74351,-0.89142,6.13523,-2.74351,-2.33377,6.13523,-1.69558,-2.26106,8.37348,1.31124e-06,-1.82851,8.37566,1.34439,-0.950961,10.554,0.782763,-1.17545,10.554,1.32576e-06,-0.697547,8.38259,2.17286,-0.363234,10.554,1.26654,-0.697547,8.38259,2.17286,0.69755,8.38259,2.17286,0.363237,10.554,1.26654,-0.363234,10.554,1.26654,1.82851,8.37566,1.34439,0.950964,10.554,0.782763,2.26106,8.37348,2.54408e-06,1.17546,10.554,1.93825e-06,1.82851,8.37567,-1.34439,0.950964,10.554,-0.782761,0.697551,8.38259,-2.17286,0.363237,10.554,-1.26653,-0.697547,8.38259,-2.17286,-0.363233,10.554,-1.26653,-1.82851,8.37567,-1.34439,-0.950961,10.554,-0.782761,-0.950961,12.338,0.782762,-1.17545,12.338,1.03511e-06,-0.363234,12.338,1.26654,0.363237,12.338,1.26654,-0.363234,12.338,1.26654,0.950964,12.338,0.782763,1.17546,12.338,1.64761e-06,0.950965,12.338,-0.782761,0.363237,12.338,-1.26653,-0.363233,12.338,-1.26653,-0.950961,12.338,-0.782761,-1.19479,14.2501,0.86807,-1.47685,14.2501,6.17554e-07,-0.45637,14.2501,1.40457,0.456373,14.2501,1.40457,-0.45637,14.2501,1.40457,1.1948,14.2501,0.868071,1.47685,14.2501,1.38251e-06,1.1948,14.2501,-0.86807,0.456374,14.2501,-1.40457,-0.45637,14.2501,-1.40457,-1.19479,14.2501,-0.86807,-1.30084,16.8567,0.94512,-1.60793,16.8567,1.98617e-07,-0.496877,16.8567,1.52924,0.49688,16.8567,1.52924,-0.496877,16.8567,1.52924,1.30085,16.8567,0.94512,1.60794,16.8567,9.52116e-07,1.30085,16.8567,-0.945119,0.496881,16.8567,-1.52924,-0.496877,16.8567,-1.52924,-1.30084,16.8567,-0.945119,-1.00215,17.8248,0.728109,-1.23873,17.8248,1.43972e-07,-0.382788,17.8248,1.17811,0.382791,17.8248,1.1781,-0.382788,17.8248,1.17811,1.00216,17.8248,0.728109,1.23873,17.8248,7.50934e-07,1.00216,17.8248,-0.728109,0.382792,17.8248,-1.1781,-0.382788,17.8248,-1.17811,-1.00215,17.8248,-0.728109,-2.8847,6.13523,1.46474e-06,-2.33377,6.13523,1.69559,-0.89142,6.13523,2.74351,0.891422,6.13523,2.74351,2.33377,6.13523,1.69559,2.8847,6.13523,2.88148e-06,2.33377,6.13523,-1.69558,0.891425,6.13523,-2.74351,-0.89142,6.13523,-2.74351,-2.33377,6.13523,-1.69558,-0.561352,18.2546,0.407849,-0.693869,18.2546,1.64478e-06,-0.214416,18.2546,0.659912,-0.561352,18.2546,0.407849,0.21442,18.2546,0.659912,-0.214416,18.2546,0.659912,0.561355,18.2546,0.407849,0.21442,18.2546,0.659912,0.693872,18.2546,1.98477e-06,0.561355,18.2546,0.407849,0.561355,18.2546,-0.407846,0.693872,18.2546,1.98477e-06,0.21442,18.2546,-0.659908,0.561355,18.2546,-0.407846,-0.214416,18.2546,-0.659908,0.21442,18.2546,-0.659908,-0.561352,18.2546,-0.407845,-0.214416,18.2546,-0.659908,-0.693869,18.2546,1.64478e-06,-0.561352,18.2546,-0.407845,-0.0510305,18.4081,0.0370787,-0.0510305,18.4081,0.0370787,-0.0510305,18.4081,0.0370787,-0.0510305,18.4081,0.0370787,-0.0510305,18.4081,0.0370787,-0.0510305,18.4081,0.0370787,-0.0510305,18.4081,0.0370787,-0.0510305,18.4081,0.0370787,-0.0510305,18.4081,0.0370787,-0.0510305,18.4081,0.0370787]},"normal":{"type":"float32","components":3,