{"model":{"version":3,"nodes":[{"name":"RootNode","position":[0,0,0],"rotation":[0,0,0],"scale":[0.01,0.01,0.01],"scaleCompensation":false},{"name":"GeoSphere001","position":[0,-1.68456e-30,-5.56935e-08],"rotation":[9.33467e-06,-0,0],"scale":[2.7366,2.7366,2.7366],"scaleCompensation":false}],"parents":[-1,0],"skins":[],"morphs":[],"vertices":[{"position":{"type":"float32","components":3,"data":[0,0,3.64037,0.994791,0,3.50181,0.307407,0.946103,3.50181,1.91386,0,3.09668,1.3171,0.956928,3.25605,0.591414,1.82019,3.09668,2.68723,0,2.45583,2.24926,0.963521,2.69532,1.61142,1.84143,2.69532,0.8304,2.55571,2.45583,3.25605,0,1.62802,2.99464,0.946103,1.84101,2.50527,1.82019,1.91386,1.82519,2.55571,1.84101,1.00617,3.09668,1.62802,0,0,3.64037,-0.804803,0.584724,3.50181,-0.503087,1.54834,3.25605,-1.54834,1.12494,3.09668,-0.221304,2.43692,2.69532,-1.25334,2.10158,2.69532,-2.17402,1.57951,2.45583,0.0255968,3.14043,1.84101,-0.956928,2.94512,1.91386,-1.86661,2.52562,1.84101,-2.6342,1.91386,1.62802,0,0,3.64037,-0.804803,0.584724,3.50181,-0.804803,-0.584724,3.50181,-1.54834,1.12494,3.09668,-1.62802,-2.02811e-07,3.25605,-1.54834,-1.12494,3.09668,-2.38603,0.542575,2.69532,-2.38603,0.542575,2.69532,-2.38603,-0.542576,2.69532,-2.17402,-1.57952,2.45583,-2.97882,0.994791,1.84101,-2.97882,0.994791,1.84101,-3.09668,-3.9984e-07,1.91386,-2.97882,-0.994792,1.84101,-2.6342,-1.91386,1.62802,0,0,3.64037,0.307408,-0.946103,3.50181,-0.503087,-1.54834,3.25605,0.591414,-1.82019,3.09668,-1.25334,-2.10158,2.69532,-0.221304,-2.43691,2.69532,0.830401,-2.55571,2.45583,-1.86661,-2.52562,1.84101,-0.956928,-2.94512,1.91386,0.0255974,-3.14043,1.84101,1.00617,-3.09668,1.62802,0,0,3.64037,1.3171,-0.956928,3.25605,1.61142,-1.84143,2.69532,2.24926,-0.963521,2.69532,1.82519,-2.55571,1.84101,2.50527,-1.82019,1.91386,2.99464,-0.946103,1.84101,3.49203,-0.584724,0.84622,3.49203,0.584724,0.84622,3.4622,-1.12494,0,3.64037,0,0,3.4622,1.12494,0,3.16881,-1.57952,-0.84622,3.47784,-0.542576,-0.928745,3.47784,0.542576,-0.928745,3.16881,1.57952,-0.84622,2.6342,-1.91386,-1.62802,2.97882,-0.994791,-1.84101,3.09668,-1.3328e-07,-1.91386,2.97882,0.994791,-1.84101,2.6342,1.91386,-1.62802,1.6352,3.14043,0.84622,0.522993,3.50181,0.84622,2.13976,2.94512,0,1.12494,3.4622,0,-1.3328e-07,3.64037,0,2.48142,2.52562,-0.84622,1.59073,3.13995,-0.928745,0.55869,3.47528,-0.928745,-0.522993,3.50181,-0.84622,1.86661,2.52562,-1.84101,0.956928,2.94512,-1.91386,-0.0255971,3.14043,-1.84101,-1.00617,3.09668,-1.62802,-2.48142,2.52562,0.84622,-3.16881,1.57951,0.84622,-2.13976,2.94512,0,-2.94512,2.13976,0,-3.4622,1.12494,0,-1.6352,3.14043,-0.84622,-2.49471,2.48317,-0.928745,-3.13255,1.60527,-0.928745,-3.49203,0.584723,-0.84622,-1.82519,2.55571,-1.84101,-2.50527,1.82019,-1.91386,-2.99464,0.946103,-1.84101,-3.49203,0.584723,-0.84622,-2.99464,0.946103,-1.84101,-3.25605,-2.84653e-07,-1.62802,-3.16881,-1.57952,0.84622,-2.48142,-2.52562,0.84622,-3.4622,-1.12494,0,-2.94512,-2.13976,0,-2.13976,-2.94512,0,-3.49203,-0.584724,-0.84622,-3.13255,-1.60527,-0.928745,-2.49471,-2.48317,-0.928745,-1.6352,-3.14043,-0.84622,-2.99464,-0.946103,-1.84101,-2.50527,-1.82019,-1.91386,-1.82519,-2.55571,-1.84101,-1.00617,-3.09668,-1.62802,0.522993,-3.50181,0.84622,1.6352,-3.14043,0.84622,8.6632e-07,-3.64037,0,1.12494,-3.4622,0,2.13976,-2.94512,0,-0.522992,-3.50181,-0.84622,0.558691,-3.47528,-0.928745,1.59073,-3.13995,-0.928745,2.48142,-2.52562,-0.84622,-0.0255962,-3.14043,-1.84101,0.956928,-2.94512,-1.91386,1.86661,-2.52562,-1.84101,2.94512,2.13976,0,2.49471,2.48317,0.928745,3.13255,1.60527,0.928745,-1.12494,3.4622,0,-1.59073,3.13995,0.928745,-0.558691,3.47528,0.928745,-3.64037,-3.04216e-07,0,-3.4622,1.12494,0,-3.47784,-0.542576,0.928745,-3.47784,0.542575,0.928745,-3.47784,0.542575,0.928745,-1.12494,-3.4622,0,-0.55869,-3.47528,0.928745,-1.59073,-3.13995,0.928745,2.94512,-2.13976,0,3.13255,-1.60527,0.928745,2.49471,-2.48317,0.928745,0,0,-3.64037,-0.307407,0.946103,-3.50181,0.804803,0.584724,-3.50181,-0.591414,1.82019,-3.09668,0.503087,1.54834,-3.25605,1.54834,1.12494,-3.09668,-0.8304,2.55571,-2.45583,0.221304,2.43691,-2.69532,1.25334,2.10158,-2.69532,2.17402,1.57952,-2.45583,0,0,-3.64037,-0.994791,-8.69674e-08,-3.50181,-0.307407,0.946103,-3.50181,-1.91386,-1.67315e-07,-3.09668,-1.3171,0.956928,-3.25605,-1.3171,0.956928,-3.25605,-2.68723,-2.34925e-07,-2.45583,-2.24926,0.96352,-2.69532,-2.24926,0.96352,-2.69532,-1.61142,1.84143,-2.69532,0,0,-3.64037,-0.307407,-0.946103,-3.50181,-0.591413,-1.82019,-3.09668,-1.3171,-0.956928,-3.25605,-0.830399,-2.55571,-2.45583,-1.61142,-1.84143,-2.69532,-2.24926,-0.963521,-2.69532,0,0,-3.64037,0.804803,-0.584724,-3.50181,1.54834,-1.12494,-3.09668,0.503087,-1.54834,-3.25605,2.17402,-1.57952,-2.45583,1.25334,-2.10158,-2.69532,0.221305,-2.43691,-2.69532,0,0,-3.64037,1.62802,-1.01405e-07,-3.25605,2.38603,0.542576,-2.69532,2.38603,-0.542576,-2.69532]},"normal":{"type":"float32","components":3,