{"model":{"version":3,"nodes":[{"name":"RootNode","position":[0,0,0],"rotation":[0,0,0],"scale":[0.0254,0.0254,0.0254],"scaleCompensation":false},{"name":"pista001","position":[0,6.70191,79.9499],"rotation":[-90,0,0],"scale":[1.216,3.93695,1.00134],"scaleCompensation":false}],"parents":[-1,0],"skins":[],"morphs":[],"vertices":[{"position":{"type":"float32","components":3,"data":[-10.2582,-69.9219,0,10.2582,-69.9219,0,10.2582,37.8869,0,-10.2582,37.8869,0,-10.2582,-69.9219,0]},"normal":{"type":"float32","components":3,"data":[0,0,1,0,0,1,0,0,1,0,0,1,0,0,1]},"texCoord0":{"type":"float32","components":2,"data":[-5.96046e-08,-1.07937,0.999999,-1.07937,1,-0.563335,1.37091e-06,-0.563335,-5.96046e-08,-1.07937]}}],"meshes":[{"aabb":{"min":[-10.2582,-69.9219,0],"max":[10.2582,37.8869,0]},"vertices":0,"indices":[0,1,2,2,3,4],"type":"triangles","base":0,"count":6}],"meshInstances":[{"node":1,"mesh":0}]}}