{"model":{"version":3,"nodes":[{"name":"RootNode","position":[0,0,0],"rotation":[0,0,0],"scale":[0.01,0.01,0.01],"scaleCompensation":false},{"name":"pantallas","position":[0,0,0],"rotation":[-90,-0,0],"scale":[1,1,1],"scaleCompensation":false}],"parents":[-1,0],"skins":[],"morphs":[],"vertices":[{"position":{"type":"float32","components":3,"data":[-34.1479,-0.000152588,60.4142,32.4429,-0.000152588,60.4142,32.4155,0.00167847,97.8639,-34.1206,0.00167847,97.8639,99.5784,-0.000152588,60.4142,166.169,-0.000152588,60.4142,166.142,0.00167847,97.8639,166.142,0.00167847,97.8639,99.6058,0.00167847,97.8639,99.5784,-0.000152588,60.4142,230.345,-0.000152588,60.4142,296.936,-0.000152588,60.4142,296.908,0.00167847,97.8639,296.908,0.00167847,97.8639,230.372,0.00167847,97.8639,230.345,-0.000152588,60.4142,-165.542,-0.000152588,60.4142,-98.951,-0.000152588,60.4142,-98.9783,0.00167847,97.8639,-98.9783,0.00167847,97.8639,-165.514,0.00167847,97.8639,-165.542,-0.000152588,60.4142,-296.936,-0.000152588,60.4142,-230.345,-0.000152588,60.4142,-230.372,0.00167847,97.8639,-230.372,0.00167847,97.8639,-296.908,0.00167847,97.8639,-296.936,-0.000152588,60.4142,32.4429,0.000152588,-60.4142,-34.1479,0.000152588,-60.4142,32.4155,-0.00167847,-97.8639,-34.1206,-0.00167847,-97.8639,166.169,0.000152588,-60.4142,99.5784,0.000152588,-60.4142,166.142,-0.00167847,-97.8639,99.6058,-0.00167847,-97.8639,296.936,0.000152588,-60.4142,230.345,0.000152588,-60.4142,296.908,-0.00167847,-97.8639,230.372,-0.00167847,-97.8639,-98.951,0.000152588,-60.4142,-165.542,0.000152588,-60.4142,-98.9783,-0.00167847,-97.8639,-165.514,-0.00167847,-97.8639,-98.9783,-0.00167847,-97.8639,-230.345,0.000152588,-60.4142,-296.936,0.000152588,-60.4142,-230.372,-0.00167847,-97.8639,-296.908,-0.00167847,-97.8639,-230.372,-0.00167847,-97.8639,-296.936,0.000152588,-60.4142]},"normal":{"type":"float32","components":3,"data":[0,-1,4.88937e-05,0,-1,4.88937e-05,0,-1,4.88937e-05,0,-1,4.88937e-05,0,-1,4.88937e-05,0,-1,4.88937e-05,0,-1,4.88937e-05,0,-1,4.88937e-05,0,-1,4.88937e-05,0,-1,4.88937e-05,0,-1,4.88937e-05,0,-1,4.88937e-05,0,-1,4.88937e-05,0,-1,4.88937e-05,0,-1,4.88937e-05,0,-1,4.88937e-05,0,-1,4.88937e-05,0,-1,4.88937e-05,0,-1,4.88937e-05,0,-1,4.88937e-05,0,-1,4.88937e-05,0,-1,4.88937e-05,0,-1,4.88937e-05,0,-1,4.88937e-05,0,-1,4.88937e-05,0,-1,4.88937e-05,0,-1,4.88937e-05,0,-1,4.88937e-05,0,-1,4.88937e-05,0,-1,4.88937e-05,0,-1,4.88937e-05,0,-1,4.88937e-05,0,-1,4.88937e-05,0,-1,4.88937e-05,0,-1,4.88937e-05,0,-1,4.88937e-05,0,-1,4.88937e-05,0,-1,4.88937e-05,0,-1,4.88937e-05,0,-1,4.88937e-05,0,-1,4.88937e-05,0,-1,4.88937e-05,0,-1,4.88937e-05,0,-1,4.88937e-05,0,-1,4.88937e-05,0,-1,4.88937e-05,0,-1,4.88937e-05,0,-1,4.88937e-05,0,-1,4.88937e-05,0,-1,4.88937e-05,0,-1,4.88937e-05]},"texCoord0":{"type":"float32","components":2,"data":[0.0155007,0.137819,0.983457,0.137819,0.983467,0.859345,0.0155088,0.859345,0.0155007,0.137819,0.983457,0.137819,0.983467,0.859345,0.983467,0.859345,0.0155088,0.859345,0.0155007,0.137819,0.0155007,0.137819,0.983457,0.137819,0.983467,0.859345,0.983467,0.859345,0.0155088,0.859345,0.0155007,0.137819,0.0155007,0.137819,0.983457,0.137819,0.983467,0.859345,0.983467,0.859345,0.0155088,0.859345,0.0155007,0.137819,0.0155007,0.137819,0.983457,0.137819,0.983467,0.859345,0.983467,0.859345,0.0155088,0.859345,0.0155007,0.137819,0.983457,0.137819,0.0155007,0.137819,0.983467,0.859345,0.0155088,0.859345,0.983457,0.137819,0.0155007,0.137819,0.983467,0.859345,0.0155088,0.859345,0.983457,0.137819,0.0155007,0.137819,0.983467,0.859345,0.0155088,0.859345,0.983457,0.137819,0.0155007,0.137819,0.983467,0.859345,0.0155088,0.859345,0.983467,0.859345,0.983457,0.137819,0.0155007,0.137819,0.983467,0.859345,0.0155088,0.859345,0.983467,0.859345,0.0155007,0.137819]}}],"meshes":[{"aabb":{"min":[-296.936,-0.00167847,-97.8639],"max":[296.936,0.00167847,97.8639]},"vertices":0,"indices":[0,1,2,2,3,0,4,5,6,7,8,9,10,11,12,13,14,15,16,17,18,19,20,21,22,23,24,25,26,27,28,29,30,31,30,29,32,33,34,35,34,33,36,37,38,39,38,37,40,41,42,43,44,41,45,46,47,48,49,50],"type":"triangles","base":0,"count":60}],"meshInstances":[{"node":1,"mesh":0}]}}