{"model":{"version":3,"nodes":[{"name":"RootNode","position":[0,0,0],"rotation":[0,0,0],"scale":[0.01,0.01,0.01],"scaleCompensation":false},{"name":"Dummyfx001","position":[0,9.37386,2.01305e-07],"rotation":[3.8147e-06,-90,3.8147e-06],"scale":[1,1,1],"scaleCompensation":false},{"name":"Dummyfx002","position":[0,5.0337,0],"rotation":[0,-0,-3.823e-20],"scale":[0.158682,0.158682,0.158682],"scaleCompensation":false},{"name":"Cylinder005","position":[-4.0815e-07,9.064,0],"rotation":[-90,-0,0],"scale":[1,1,1],"scaleCompensation":false}],"parents":[-1,0,1,0],"skins":[{"inverseBindMatrices":[[4.37114e-08,-1.62921e-07,-1,0,1.57772e-30,1,-1.62921e-07,0,1,7.12149e-15,4.37114e-08,0,-2.01305e-07,-9.37386,1.5272e-06,1]],"boneNames":["Dummyfx001"]}],"morphs":[],"vertices":[{"position":{"type":"float32","components":3,"data":[-0.56431,0.0558062,-1.73677,0.564315,0.0558062,-1.73677,1.7099,0.0558062,-0.357793,1.47739,0.0558071,1.07339,0.564313,0.0558081,1.73677,-0.564311,0.0558081,1.73677,-1.7099,0.0558062,0.357795,-1.47739,0.0558071,-1.07339,-1.7099,0.0558062,0.357795,-0.564311,0.0558081,1.73677,-0.850626,3.70493,2.61796,-2.57745,3.70493,0.539329,0.564313,0.0558081,1.73677,0.850626,3.70493,2.61796,1.47739,0.0558071,1.07339,2.22697,3.70493,1.61799,1.7099,0.0558062,-0.357793,2.57745,3.70493,-0.539328,0.564315,0.0558062,-1.73677,0.85063,3.70493,-2.61796,-0.56431,0.0558062,-1.73677,-0.850625,3.70493,-2.61796,-1.47739,0.0558071,-1.07339,-2.22697,3.70493,-1.61799,-0.799043,7.58386,2.47739,-2.42343,7.578,0.510716,0.799043,7.58386,2.47739,2.09353,7.57902,1.53215,2.42343,7.578,-0.510717,0.799046,7.58386,-2.47739,-0.799042,7.58386,-2.47739,-2.09353,7.57903,-1.53215,-0.346474,10.9217,1.20809,-1.04984,10.9217,0.24888,0.346476,10.9217,1.20809,0.907083,10.9217,0.746642,1.04984,10.9217,-0.248881,0.346476,10.9217,-1.20809,-0.346473,10.9217,-1.20809,-0.907081,10.9217,-0.746645,-0.496878,17.2244,1.52923,-1.50557,17.2244,0.315038,0.49688,17.2244,1.52923,1.30085,17.2244,0.945119,1.50557,17.2244,-0.315041,0.496881,17.2244,-1.52924,-0.496877,17.2244,-1.52924,-1.30084,17.2244,-0.945121,-0.382789,18.1924,1.1781,-1.15987,18.1924,0.242701,0.382791,18.1924,1.1781,1.00216,18.1924,0.728107,1.15988,18.1924,-0.242704,0.382792,18.1924,-1.17811,-0.382788,18.1924,-1.17811,-1.00215,18.1924,-0.728111,-0.0510309,18.6805,0.0370768]},"normal":{"type":"float32","components":3,"data":[-3.04802e-07,-1,-1.66706e-07,2.64698e-23,-1,-6.12323e-17,7.59446e-08,-1,3.62939e-07,8.92518e-08,-1,9.49135e-07,-7.59212e-13,-1,1.43758e-06,-1.19921e-08,-1,1.40067e-06,-2.34241e-07,-1,3.88594e-07,-1.73317e-06,-1,-9.47927e-07,-0.936602,-0.235573,0.259388,-0.420033,-0.244029,0.874084,-0.419023,-0.100327,0.902416,-0.96101,-0.0955608,0.259476,0.299513,-0.246097,0.921807,0.307699,-0.101833,0.946019,0.828107,-0.245328,0.504037,0.846277,-0.0998577,0.523301,0.936602,-0.235573,-0.259387,0.96101,-0.0955608,-0.259475,0.420034,-0.244029,-0.874083,0.419023,-0.100328,-0.902415,-0.299513,-0.246097,-0.921807,-0.307699,-0.101834,-0.946019,-0.828107,-0.245328,-0.504037,-0.846277,-0.0998578,-0.5233,-0.414344,0.200367,0.887791,-0.946173,0.203443,0.251729,0.305841,0.205262,0.929693,0.832958,0.211499,0.511321,0.946173,0.203443,-0.251729,0.414344,0.200366,-0.887791,-0.305841,0.205261,-0.929693,-0.832958,0.211499,-0.511321,-0.367002,0.247331,0.896737,-0.954502,0.172057,0.243561,0.213593,0.774621,0.595265,0.804284,0.233912,0.546271,0.954502,0.172057,-0.243561,0.367002,0.247331,-0.896737,-0.213592,0.774621,-0.595266,-0.804284,0.233912,-0.546272,-0.417829,0.141897,0.897376,-0.957168,0.131742,0.257825,0.316929,0.130178,0.939473,0.838855,0.126479,0.529458,0.957168,0.131742,-0.257825,0.41783,0.141896,-0.897376,-0.31693,0.130177,-0.939473,-0.838855,0.126478,-0.529458,-0.327274,0.645757,0.689847,-0.743519,0.636962,0.203616,0.232326,0.663788,0.710922,0.642875,0.658358,0.391505,0.734595,0.647492,-0.202791,0.326019,0.654619,-0.682046,-0.229055,0.667132,-0.70885,-0.644143,0.654609,-0.395686,-0.0178169,0.999767,0.0122161]},"blendIndices":{"type":"uint8","components":4,"data":[0,0,0,0,0,0,0,0,0,0,0,0,0,0,0,0,0,0,0,0,0,0,0,0,0,0,0,0,0,0,0,0,0,0,0,0,0,0,0,0,0,0,0,0,0,0,0,0,0,0,0,0,0,0,0,0,0,0,0,0,0,0,0,0,0,0,0,0,0,0,0,0,0,0,0,0,0,0,0,0,0,0,0,0,0,0,0,0,0,0,0,0,0,0,0,0,0,0,0,0,0,0,0,0,0,0,0,0,0,0,0,0,0,0,0,0,0,0,0,0,0,0,0,0,0,0,0,0,0,0,0,0,0,0,0,0,0,0,0,0,0,0,0,0,0,0,0,0,0,0,0,0,0,0,0,0,0,0,0,0,0,0,0,0,0,0,0,0,0,0,0,0,0,0,0,0,0,0,0,0,0,0,0,0,0,0,0,0,0,0,0,0,0,0,0,0,0,0,0,0,0,0,0,0,0,0,0,0,0,0,0,0,0,0,0,0,0,0,0,0,0,0,0,0,0,0,0,0]},"blendWeight":{"type":"float32","components":4,"data":[1,0,0,0,1,0,0,0,1,0,0,0,1,0,0,0,1,0,0,0,1,0,0,0,1,0,0,0,1,0,0,0,1,0,0,0,1,0,0,0,1,0,0,0,1,0,0,0,1,0,0,0,1,0,0,0,1,0,0,0,1,0,0,0,1,0,0,0,1,0,0,0,1,0,0,0,1,0,0,0,1,0,0,0,1,0,0,0,1,0,0,0,1,0,0,0,1,0,0,0,1,0,0,0,1,0,0,0,1,0,0,0,1,0,0,0,1,0,0,0,1,0,0,0,1,0,0,0,1,0,0,0,1,0,0,0,1,0,0,0,1,0,0,0,1,0,0,0,1,0,0,0,1,0,0,0,1,0,0,0,1,0,0,0,1,0,0,0,1,0,0,0,1,0,0,0,1,0,0,0,1,0,0,0,1,0,0,0,1,0,0,0,1,0,0,0,1,0,0,0,1,0,0,0,1,0,0,0,1,0,0,0,1,0,0,0,1,0,0,0,1,0,0,0,1,0,0,0]},"texCoord0":{"type":"float32","components":2,"data":[0.262715,-0.197382,0.262715,-0.197382,0.46946,-0.197382,0.684031,-0.197382,0.78349,-0.197382,0.78349,-0.197382,0.576745,-0.197382,0.362174,-0.197382,0.576745,-0.197382,0.78349,-0.197382,0.915602,0.0659445,0.603962,0.0659444,0.78349,-0.197382,0.915602,0.0659445,0.684031,-0.197382,0.765681,0.0659443,0.46946,-0.197382,0.442243,0.0659443,0.262715,-0.197382,0.130602,0.0659442,0.262715,-0.197382,0.130602,0.0659442,0.362174,-0.197382,0.280524,0.0659444,0.877388,0.375963,0.596139,0.37556,0.877388,0.375963,0.742212,0.37563,0.450066,0.37556,0.168816,0.375963,0.168816,0.375963,0.303992,0.37563,0.704227,0.586716,0.560416,0.586716,0.704227,0.586716,0.635043,0.586716,0.485788,0.586716,0.341977,0.586716,0.341977,0.586716,0.411161,0.586716,0.752374,1.04153,0.570334,1.04153,0.752374,1.04153,0.6648,1.04153,0.475869,1.04153,0.29383,1.04153,0.29383,1.04153,0.381404,1.04153,0.69973,1.11138,0.559489,1.11138,0.69973,1.11138,0.632264,1.11138,0.486714,1.11138,0.346473,1.11138,0.346473,1.11138,0.413939,1.11138,0.528661,1.15118]}}],"meshes":[{"aabb":{"min":[-2.57745,0.0558062,-2.61796],"max":[2.57745,18.6805,2.61796]},"vertices":0,"skin":0,"indices":[0,1,2,3,4,5,3,5,6,2,3,6,0,2,6,7,0,6,8,9,10,10,11,8,9,12,13,13,10,9,12,14,15,15,13,12,14,16,17,17,15,14,16,18,19,19,17,16,18,20,21,21,19,18,20,22,23,23,21,20,22,8,11,11,23,22,11,10,24,24,25,11,10,13,26,26,24,10,13,15,27,27,26,13,15,17,28,28,27,15,17,19,29,29,28,17,19,21,30,30,29,19,21,23,31,31,30,21,23,11,25,25,31,23,25,24,32,32,33,25,24,26,34,34,32,24,26,27,35,35,34,26,27,28,36,36,35,27,28,29,37,37,36,28,29,30,38,38,37,29,30,31,39,39,38,30,31,25,33,33,39,31,39,37,38,35,32,34,40,41,33,33,32,40,42,40,32,43,42,32,32,35,43,44,43,35,35,36,44,45,44,36,36,37,45,46,45,37,47,46,37,37,39,47,41,47,39,39,33,41,48,49,41,41,40,48,50,48,40,40,42,50,51,50,42,42,43,51,52,51,43,43,44,52,53,52,44,44,45,53,54,53,45,45,46,54,55,54,46,46,47,55,49,55,47,47,41,49,56,49,48,56,48,50,56,50,51,56,51,52,56,52,53,56,53,54,56,54,55,56,55,49],"type":"triangles","base":0,"count":282}],"meshInstances":[{"node":3,"mesh":0}]}}