{"Level":{"TiledBG":{"0":{"X":12224,"Y":2391,"Height":472,"Width":4336},"1":{"X":33896,"Y":4135,"Height":344,"Width":2736},"2":{"X":1488,"Y":840,"Height":576,"Width":744},"3":{"X":1976,"Y":1152,"Height":584,"Width":752},"4":{"X":3768,"Y":849,"Height":1040,"Width":1112},"5":{"X":2696,"Y":1166,"Height":840,"Width":1576},"6":{"X":8794,"Y":1392,"Height":720,"Width":2368},"7":{"X":3560,"Y":1696,"Height":1056,"Width":5344},"8":{"X":10456,"Y":2080,"Height":520,"Width":2160},"9":{"X":16778,"Y":2644,"Height":344,"Width":1576},"10":{"X":16394,"Y":2352,"Height":344,"Width":1584},"11":{"X":20864,"Y":2597,"Height":416,"Width":496},"12":{"X":23236,"Y":2918,"Height":728,"Width":536},"13":{"X":22760,"Y":2600,"Height":408,"Width":504},"14":{"X":22280,"Y":2280,"Height":408,"Width":496},"15":{"X":20400,"Y":2912,"Height":408,"Width":496},"16":{"X":21352,"Y":2280,"Height":408,"Width":504},"17":{"X":20840,"Y":2664,"Height":960,"Width":1016},"18":{"X":22280,"Y":2688,"Height":936,"Width":1024},"19":{"X":16696,"Y":2920,"Height":392,"Width":3944},"20":{"X":12581,"Y":2081,"Height":320,"Width":5024},"21":{"X":23705,"Y":3224,"Height":440,"Width":552},"22":{"X":20752,"Y":3536,"Height":368,"Width":3944},"23":{"X":29008,"Y":3208,"Height":416,"Width":496},"24":{"X":31276,"Y":3534,"Height":728,"Width":528},"25":{"X":30796,"Y":3222,"Height":408,"Width":520},"26":{"X":30314,"Y":2908,"Height":406,"Width":509},"27":{"X":24552,"Y":3528,"Height":408,"Width":4480},"28":{"X":29488,"Y":2896,"Height":408,"Width":504},"29":{"X":28976,"Y":3280,"Height":960,"Width":1016},"30":{"X":30316,"Y":3304,"Height":936,"Width":1024},"31":{"X":31740,"Y":3841,"Height":440,"Width":552},"32":{"X":28888,"Y":4152,"Height":368,"Width":5032},"33":{"X":34392,"Y":3829,"Height":328,"Width":496},"34":{"X":37592,"Y":4128,"Height":360,"Width":7168},"35":{"X":39792,"Y":3823,"Height":344,"Width":4760},"36":{"X":34256,"Y":4440,"Height":344,"Width":3176},"37":{"X":37360,"Y":4448,"Height":344,"Width":2632},"38":{"X":34880,"Y":3816,"Height":328,"Width":1256},"39":{"X":38068.8515625,"Y":3838.2734375,"Height":328,"Width":3288},"40":{"X":40248,"Y":3520,"Height":304,"Width":32},"41":{"X":16,"Y":545,"Height":576,"Width":1752},"42":{"X":4840,"Y":1400,"Height":336,"Width":4000},"43":{"X":11154,"Y":1785,"Height":520,"Width":1192},"44":{"X":13332,"Y":1782,"Height":328,"Width":3912},"45":{"X":21808,"Y":3316,"Height":368,"Width":504},"46":{"X":29944,"Y":3934,"Height":368,"Width":400},"47":{"X":40261,"Y":3516,"Height":328,"Width":608}},"Brick_1":{"1":{"X":12760,"Y":2469,"type":1,"width":596,"height":34,"animationName":"background1"},"2":{"X":37128,"Y":4506,"type":1,"width":596,"height":34,"animationName":"background1"},"3":{"X":336,"Y":608,"type":1,"width":596,"height":34,"animationName":"background1"},"4":{"X":904,"Y":608,"type":1,"width":596,"height":34,"animationName":"background1"},"5":{"X":1480,"Y":608,"type":1,"width":596,"height":34,"animationName":"background1"},"6":{"X":3024,"Y":1232,"type":1,"width":596,"height":34,"animationName":"background1"},"7":{"X":5184,"Y":1464,"type":1,"width":596,"height":34,"animationName":"background1"},"8":{"X":5776,"Y":1464,"type":1,"width":596,"height":34,"animationName":"background1"},"9":{"X":4099.52099609375,"Y":915.7742919921875,"type":1,"width":596,"height":33,"animationName":"background1"},"10":{"X":6336,"Y":1464,"type":1,"width":596,"height":34,"animationName":"background1"},"11":{"X":6912,"Y":1464,"type":1,"width":596,"height":34,"animationName":"background1"},"12":{"X":7496,"Y":1464,"type":1,"width":596,"height":34,"animationName":"background1"},"13":{"X":8072,"Y":1464,"type":1,"width":596,"height":34,"animationName":"background1"},"14":{"X":8616,"Y":1464,"type":1,"width":596,"height":34,"animationName":"background1"},"15":{"X":9192,"Y":1464,"type":1,"width":596,"height":34,"animationName":"background1"},"16":{"X":9784,"Y":1464,"type":1,"width":596,"height":34,"animationName":"background1"},"17":{"X":10376,"Y":1464,"type":1,"width":596,"height":34,"animationName":"background1"},"18":{"X":11470,"Y":1848,"type":1,"width":596,"height":34,"animationName":"background1"},"19":{"X":14034,"Y":1848,"type":1,"width":596,"height":34,"animationName":"background1"},"20":{"X":14626,"Y":1848,"type":1,"width":596,"height":34,"animationName":"background1"},"21":{"X":15218,"Y":1848,"type":1,"width":596,"height":34,"animationName":"background1"},"22":{"X":15802,"Y":1848,"type":1,"width":596,"height":34,"animationName":"background1"},"23":{"X":16386,"Y":1848,"type":1,"width":596,"height":34,"animationName":"background1"},"24":{"X":16962,"Y":1848,"type":1,"width":596,"height":34,"animationName":"background1"},"25":{"X":19018,"Y":2984,"type":1,"width":596,"height":34,"animationName":"background1"},"26":{"X":20128,"Y":2984,"type":1,"width":596,"height":34,"animationName":"background1"},"27":{"X":21712,"Y":3384,"type":1,"width":596,"height":34,"animationName":"background1"},"28":{"X":22888,"Y":3384,"type":1,"width":596,"height":34,"animationName":"background1"},"29":{"X":22304,"Y":3384,"type":1,"width":596,"height":34,"animationName":"background1"},"30":{"X":19568,"Y":2984,"type":1,"width":596,"height":34,"animationName":"background1"},"31":{"X":24976,"Y":3600,"type":1,"width":596,"height":34,"animationName":"background1"},"32":{"X":25560,"Y":3600,"type":1,"width":596,"height":34,"animationName":"background1"},"33":{"X":26096,"Y":3600,"type":1,"width":596,"height":34,"animationName":"background1"},"34":{"X":26640,"Y":3600,"type":1,"width":596,"height":34,"animationName":"background1"},"35":{"X":27160,"Y":3600,"type":1,"width":596,"height":34,"animationName":"background1"},"36":{"X":27712,"Y":3600,"type":1,"width":596,"height":34,"animationName":"background1"},"37":{"X":29848,"Y":4000,"type":1,"width":596,"height":34,"animationName":"background1"},"38":{"X":30440,"Y":4000,"type":1,"width":596,"height":34,"animationName":"background1"},"39":{"X":28264,"Y":3600,"type":1,"width":596,"height":34,"animationName":"background1"},"40":{"X":33024,"Y":4216,"type":1,"width":596,"height":34,"animationName":"background1"},"41":{"X":33616,"Y":4216,"type":1,"width":596,"height":34,"animationName":"background1"},"42":{"X":35264,"Y":3888,"type":1,"width":596,"height":34,"animationName":"background1"},"43":{"X":35848,"Y":3888,"type":1,"width":596,"height":34,"animationName":"background1"},"44":{"X":38381,"Y":3904,"type":1,"width":596,"height":34,"animationName":"background1"},"45":{"X":38960,"Y":3904,"type":1,"width":596,"height":34,"animationName":"background1"},"46":{"X":39512,"Y":3904,"type":1,"width":596,"height":34,"animationName":"background1"},"47":{"X":40576,"Y":3584,"type":1,"width":596,"height":34,"animationName":"background1"},"48":{"X":41632,"Y":3888,"type":1,"width":596,"height":34,"animationName":"background1"},"49":{"X":42200,"Y":3888,"type":1,"width":596,"height":34,"animationName":"background1"},"50":{"X":42760,"Y":3888,"type":1,"width":596,"height":34,"animationName":"background1"},"51":{"X":43336,"Y":3888,"type":1,"width":596,"height":34,"animationName":"background1"},"52":{"X":44480,"Y":3888,"type":1,"width":596,"height":34,"animationName":"background1"},"53":{"X":12056,"Y":1848,"type":1,"width":596,"height":34,"animationName":"background1"},"54":{"X":13648,"Y":1848,"type":1,"width":596,"height":34,"animationName":"background1"},"55":{"X":12912,"Y":2160,"type":1,"width":596,"height":34,"animationName":"background1"},"56":{"X":43928,"Y":3888,"type":1,"width":596,"height":34,"animationName":"background1"}},"Brick_2":{"1":{"X":2070,"Y":606,"type":2,"width":517,"height":339,"animationName":"background1"},"2":{"X":2535,"Y":901,"type":2,"width":517,"height":339,"animationName":"background1"},"3":{"X":12647,"Y":1846,"type":2,"width":517,"height":339,"animationName":"background1"},"4":{"X":22592,"Y":2040,"type":2,"width":517,"height":339,"animationName":"background1"},"5":{"X":23079,"Y":2349,"type":2,"width":517,"height":339,"animationName":"background1"},"6":{"X":23574,"Y":2663,"type":2,"width":517,"height":339,