{"Level":{"TiledBG":{"0":{"X":21562,"Y":1197,"Height":401,"Width":488},"1":{"X":21554,"Y":1560,"Height":968,"Width":1024},"2":{"X":21554,"Y":1232,"Height":360,"Width":528},"3":{"X":11131,"Y":1096,"Height":416,"Width":496},"4":{"X":29672,"Y":2714,"Height":368,"Width":4152},"5":{"X":29152,"Y":2152,"Height":432,"Width":408},"6":{"X":26438,"Y":2450,"Height":432,"Width":2728},"7":{"X":26904,"Y":2136,"Height":432,"Width":2264},"8":{"X":23536,"Y":2461,"Height":432,"Width":3016},"9":{"X":23002,"Y":2138,"Height":432,"Width":496},"10":{"X":15760,"Y":1816,"Height":344,"Width":4072},"11":{"X":1616,"Y":1148,"Height":760,"Width":4272},"12":{"X":1616,"Y":1144,"Height":288,"Width":520},"13":{"X":8,"Y":840,"Height":1112,"Width":1648},"14":{"X":13328,"Y":1424,"Height":728,"Width":520},"15":{"X":12848,"Y":1096,"Height":408,"Width":496},"16":{"X":12368,"Y":784,"Height":408,"Width":496},"17":{"X":10656,"Y":1416,"Height":408,"Width":496},"18":{"X":11608,"Y":784,"Height":408,"Width":496},"19":{"X":5528,"Y":1134,"Height":480,"Width":2992},"20":{"X":3193,"Y":825,"Height":288,"Width":2760},"21":{"X":2888,"Y":1072,"Height":408,"Width":3384},"22":{"X":11096,"Y":1168,"Height":960,"Width":1008},"23":{"X":12368,"Y":1192,"Height":936,"Width":1024},"24":{"X":8472,"Y":1411,"Height":408,"Width":2192},"25":{"X":22514,"Y":1816,"Height":728,"Width":496},"26":{"X":19792,"Y":1816,"Height":408,"Width":496},"27":{"X":20744,"Y":1184,"Height":408,"Width":496},"28":{"X":20272,"Y":1496,"Height":416,"Width":496},"29":{"X":20232,"Y":1568,"Height":960,"Width":1008},"30":{"X":29072,"Y":2448,"Height":432,"Width":856},"31":{"X":4264,"Y":508,"Height":408,"Width":608},"32":{"X":22034,"Y":1512,"Height":80,"Width":496},"33":{"X":21992,"Y":1200,"Height":200,"Width":64},"34":{"X":29536,"Y":2420,"Height":40,"Width":384},"35":{"X":29168,"Y":2126,"Height":128,"Width":376},"36":{"X":29941.328125,"Y":2704.47021484375,"Height":120,"Width":344},"37":{"X":16,"Y":518,"Height":328,"Width":1176},"38":{"X":6944,"Y":824,"Height":328,"Width":1208},"39":{"X":13656,"Y":1820,"Height":440,"Width":2128},"40":{"X":21200,"Y":2222,"Height":312,"Width":584},"41":{"X":27392,"Y":1820,"Height":336,"Width":1784}},"Brick_1":{"1":{"X":904,"Y":592,"type":1,"width":596,"height":27,"animationName":"background2"},"2":{"X":328,"Y":592,"type":1,"width":596,"height":27,"animationName":"background2"},"3":{"X":2440,"Y":1216,"type":1,"width":596,"height":27,"animationName":"background2"},"4":{"X":6528,"Y":1208,"type":1,"width":596,"height":34,"animationName":"background1"},"5":{"X":3512,"Y":896,"type":1,"width":596,"height":27,"animationName":"background2"},"6":{"X":5664,"Y":896,"type":1,"width":596,"height":27,"animationName":"background2"},"7":{"X":4585,"Y":577,"type":1,"width":596,"height":27,"animationName":"background2"},"8":{"X":7265,"Y":896,"type":1,"width":596,"height":27,"animationName":"background2"},"9":{"X":7856,"Y":896,"type":1,"width":596,"height":27,"animationName":"background2"},"10":{"X":9208,"Y":1488,"type":1,"width":596,"height":27,"animationName":"background2"},"11":{"X":9792,"Y":1488,"type":1,"width":596,"height":27,"animationName":"background2"},"12":{"X":10384,"Y":1488,"type":1,"width":596,"height":27,"animationName":"background2"},"13":{"X":11968,"Y":1888,"type":1,"width":596,"height":27,"animationName":"background2"},"14":{"X":13744,"Y":1888,"type":1,"width":596,"height":27,"animationName":"background2"},"15":{"X":13144,"Y":1888,"type":1,"width":596,"height":34,"animationName":"background1"},"16":{"X":12560,"Y":1888,"type":1,"width":596,"height":27,"animationName":"background2"},"17":{"X":14328,"Y":1888,"type":1,"width":596,"height":34,"animationName":"background1"},"18":{"X":14912,"Y":1888,"type":1,"width":596,"height":27,"animationName":"background2"},"19":{"X":15496,"Y":1888,"type":1,"width":596,"height":27,"animationName":"background2"},"20":{"X":16560,"Y":1888,"type":1,"width":596,"height":27,"animationName":"background2"},"21":{"X":17152,"Y":1888,"type":1,"width":596,"height":27,"animationName":"background2"},"22":{"X":17736,"Y":1888,"type":1,"width":596,"height":27,"animationName":"background2"},"23":{"X":21104,"Y":2288,"type":1,"width":596,"height":34,"animationName":"background1"},"24":{"X":22730,"Y":2288,"type":1,"width":596,"height":34,"animationName":"background1"},"25":{"X":22130,"Y":2288,"type":1,"width":596,"height":34,"animationName":"background1"},"26":{"X":21546,"Y":2288,"type":1,"width":596,"height":27,"animationName":"background2"},"27":{"X":18328,"Y":1888,"type":1,"width":596,"height":27,"animationName":"background2"},"28":{"X":18920,"Y":1888,"type":1,"width":596,"height":27,"animationName":"background2"},"29":{"X":19512,"Y":1888,"type":1,"width":596,"height":27,"animationName":"background2"},"30":{"X":24440,"Y":2528,"type":1,"width":596,"height":27,"animationName":"background2"},"31":{"X":25016,"Y":2528,"type":1,"width":596,"height":27,"animationName":"background2"},"32":{"X":25584,"Y":2528,"type":1,"width":596,"height":27,"animationName":"background2"},"33":{"X":26160,"Y":2528,"type":1,"width":596,"height":27,"animationName":"background2"},"34":{"X":27712,"Y":1888,"type":1,"width":596,"height":27,"animationName":"background2"},"35":{"X":28304,"Y":1888,"type":1,"width":596,"height":27,"animationName":"background2"},"36":{"X":28888,"Y":1888,"type":1,"width":596,"height":27,"animationName":"background2"},"37":{"X":30584,"Y":2782,"type":1,"width":596,"height":27,"animationName":"background2"},"38":{"X":31176,"Y":2782,"type":1,"width":596,"height":27,"animationName":"background2"},"39":{"X":31768,"Y":2782,"type":1,"width":596,"height":27,"animationName":"background2"},"40":{"X":32360,"Y":2782,"type":1,"width":596,"height":27,"animationName":"background2"},"41":{"X":32952,"Y":2782,"type":1,"width":596,"height":27,"animationName":"background2"},"42":{"X":23856,"Y":2528,"type":1,"width":596,"height":27,"animationName":"background2"},"43":{"X":33528,"Y":2784,"type":1,"width":596,"height":27,"animationName":"background2"}},"Brick_2":{"1":{"X":1500,"Y":593,"type":2,"width":517,"height":339,"animationName":"background2"},"2":{"X":1962,"Y":896,"type":2,"width":517,"height":339,"animationName":"background2"},"3":{"X":5182,"Y":579,"type":2,"width":517,"height":339,"animationName":"background2"},"4":{"X":6260,"Y":897,"type":2,"width":517,"height":339,"animationName":"background2"},"5":{"X":12680,"Y":538,"type":2,"width":517,"height":339,"animationName":"background2"},"6":{"X":13168,"Y":858,"type":2,"width":517,"height":339,"animationName":"background2"},"7":{"X":13641,"Y":1168,"type":2,"width":517,"height":339,"animationName":"background2"},"8":{"X":14344,"Y":1560,"type":2,"width":517,"height":339,"animationName":"background2"},"9":{"X":21851,"Y":944,"type":2,"width":512,"height":336,"animationName":"background2"},"10":{"X":22365,"Y":1275,"type":2,"width":528,"height":336,"animationName":"background2"},"11":{"X":22827,"Y":1574,"type":2,"width":517,"height":339,"animationName":"background2"},"12":{"X":23315,"Y":1894,"type":2,"width":517,"height":339,"animationName":"background2"},"13":{"X":23803,"Y":2214,"type":2,"width":517,"height":339,"animationName":"background2"}},"Brick_3":{"1":{"X":1096,"Y":416,"type":3,"width":72,"height":72},"2":{"X":1256,"Y":448,"type":3,"width":72,"height":72},"3":{"X":1536,"Y":600,"type":3,"width":72,"height":72},"4":{"X":1664,"Y":680,"type":3,"width":72,"height":72},"5":{"X":1808,"Y":784,"type":3,"width":72,"height":72},"6":{"X":1944,"Y":896,"type":3,"width":72,"height":72},"7":{"X":2080,"Y":976,"type":3,"width":72,"height":72},"8":{"X":1408,"Y":520,"type":3,"width":72,"height":72},"9":{"X":2248,"Y":1064,"type":3,"width":72,"height":72},"10":{"X":4434,"Y":440,"type":3,"width":72,"height":72},"11":{"X":3647,"Y":664,"type":3,"width":72,"height":72},"12":{"X":5840,"Y":664,"type":3,"width":72,"height":72},"13":{"X":7264,"Y":696,"type":3,"width":72,"height":72},"14":{"X":7464,"Y":696,"type":3,"width":72,"height":72},"15":{"X":7664,"Y":696,"type":3,"width":72,"height":72},"16":{"X":17656,