{"Level":{"TiledBG":{"0":{"X":31694,"Y":1996,"Height":536,"Width":2104},"1":{"X":6696,"Y":1144,"Height":288,"Width":1576},"2":{"X":6712,"Y":1144,"Height":288,"Width":816},"3":{"X":1600,"Y":1144,"Height":288,"Width":520},"4":{"X":3297,"Y":1137,"Height":288,"Width":480},"5":{"X":17454,"Y":1423,"Height":480,"Width":2792},"6":{"X":19694,"Y":1103,"Height":480,"Width":496},"7":{"X":-8,"Y":840,"Height":1112,"Width":1648},"8":{"X":1352,"Y":1148,"Height":824,"Width":8088},"9":{"X":16483,"Y":2058,"Height":328,"Width":504},"10":{"X":16964,"Y":1741,"Height":656,"Width":5528},"11":{"X":9416,"Y":1448,"Height":512,"Width":424},"12":{"X":40,"Y":1840,"Height":336,"Width":10208},"13":{"X":16,"Y":2056,"Height":368,"Width":10616},"14":{"X":29670,"Y":1727,"Height":536,"Width":2104},"15":{"X":28638,"Y":2047,"Height":224,"Width":1064},"16":{"X":24694,"Y":1727,"Height":520,"Width":3968},"17":{"X":20230,"Y":1429,"Height":520,"Width":4528},"18":{"X":33608,"Y":2274,"Height":584,"Width":2944},"19":{"X":7204,"Y":828,"Height":496,"Width":600},"20":{"X":9792,"Y":1782,"Height":88,"Width":424},"21":{"X":1159.578857421875,"Y":517.984130859375,"Height":408,"Width":24},"22":{"X":33432,"Y":1680,"Height":328,"Width":24},"23":{"X":32088,"Y":2376,"Height":536,"Width":2104},"24":{"X":33320,"Y":1984,"Height":40,"Width":472},"25":{"X":9427,"Y":1137,"Height":328,"Width":48},"26":{"X":16,"Y":2056,"Height":368,"Width":10616},"27":{"X":10574,"Y":2069,"Height":368,"Width":5912},"28":{"X":31672,"Y":1691,"Height":328,"Width":1768},"29":{"X":30144,"Y":1418,"Height":376,"Width":1192},"30":{"X":27566,"Y":1412,"Height":328,"Width":608},"31":{"X":-8,"Y":523,"Height":472,"Width":1168}},"Brick_1":{"1":{"X":888,"Y":592,"type":1,"width":596,"height":27,"animationName":"background2"},"2":{"X":312,"Y":591,"type":1,"width":596,"height":27,"animationName":"background2"},"3":{"X":4088,"Y":1216,"type":1,"width":596,"height":27,"animationName":"background2"},"4":{"X":4680,"Y":1216,"type":1,"width":596,"height":27,"animationName":"background2"},"5":{"X":5272,"Y":1216,"type":1,"width":596,"height":27,"animationName":"background2"},"6":{"X":5856,"Y":1216,"type":1,"width":596,"height":27,"animationName":"background2"},"7":{"X":6448,"Y":1216,"type":1,"width":596,"height":27,"animationName":"background2"},"8":{"X":7518,"Y":896,"type":1,"width":596,"height":27,"animationName":"background2"},"9":{"X":2424,"Y":1216,"type":1,"width":596,"height":27,"animationName":"background2"},"10":{"X":3016,"Y":1216,"type":1,"width":596,"height":27,"animationName":"background2"},"11":{"X":8590,"Y":1215,"type":1,"width":596,"height":27,"animationName":"background2"},"12":{"X":9182,"Y":1215,"type":1,"width":596,"height":27,"animationName":"background2"},"13":{"X":10902,"Y":2135,"type":1,"width":596,"height":27,"animationName":"background2"},"14":{"X":11494,"Y":2135,"type":1,"width":596,"height":27,"animationName":"background2"},"15":{"X":12086,"Y":2135,"type":1,"width":596,"height":27,"animationName":"background2"},"16":{"X":12670,"Y":2135,"type":1,"width":596,"height":27,"animationName":"background2"},"17":{"X":13254,"Y":2135,"type":1,"width":596,"height":27,"animationName":"background2"},"18":{"X":13846,"Y":2135,"type":1,"width":596,"height":27,"animationName":"background2"},"19":{"X":14438,"Y":2135,"type":1,"width":596,"height":27,"animationName":"background2"},"20":{"X":15022,"Y":2135,"type":1,"width":596,"height":27,"animationName":"background2"},"21":{"X":15614,"Y":2135,"type":1,"width":596,"height":27,"animationName":"background2"},"22":{"X":16206,"Y":2135,"type":1,"width":596,"height":27,"animationName":"background2"},"23":{"X":17766,"Y":1495,"type":1,"width":596,"height":27,"animationName":"background2"},"24":{"X":18358,"Y":1495,"type":1,"width":596,"height":27,"animationName":"background2"},"25":{"X":18934,"Y":1495,"type":1,"width":596,"height":27,"animationName":"background2"},"26":{"X":20493,"Y":1495,"type":1,"width":596,"height":34,"animationName":"background1"},"27":{"X":21070,"Y":1495,"type":1,"width":596,"height":27,"animationName":"background2"},"28":{"X":21638,"Y":1495,"type":1,"width":596,"height":27,"animationName":"background2"},"29":{"X":22214,"Y":1495,"type":1,"width":596,"height":27,"animationName":"background2"},"30":{"X":29174,"Y":2119,"type":1,"width":596,"height":34,"animationName":"background1"},"31":{"X":22806,"Y":1495,"type":1,"width":596,"height":27,"animationName":"background2"},"32":{"X":23398,"Y":1495,"type":1,"width":596,"height":27,"animationName":"background2"},"33":{"X":23990,"Y":1495,"type":1,"width":596,"height":27,"animationName":"background2"},"34":{"X":25062,"Y":1799,"type":1,"width":596,"height":34,"animationName":"background1"},"35":{"X":25654,"Y":1799,"type":1,"width":596,"height":27,"animationName":"background2"},"36":{"X":26238,"Y":1799,"type":1,"width":596,"height":27,"animationName":"background2"},"37":{"X":26814,"Y":1799,"type":1,"width":596,"height":27,"animationName":"background2"},"38":{"X":27886,"Y":1479,"type":1,"width":596,"height":27,"animationName":"background2"},"39":{"X":30454,"Y":1487,"type":1,"width":596,"height":27,"animationName":"background2"},"40":{"X":31046,"Y":1487,"type":1,"width":596,"height":27,"animationName":"background2"},"41":{"X":31998,"Y":1759,"type":1,"width":596,"height":27,"animationName":"background2"},"42":{"X":32582,"Y":1759,"type":1,"width":596,"height":27,"animationName":"background2"},"43":{"X":33166,"Y":1759,"type":1,"width":596,"height":27,"animationName":"background2"},"44":{"X":34510,"Y":2343,"type":1,"width":596,"height":27,"animationName":"background2"},"45":{"X":35094,"Y":2343,"type":1,"width":596,"height":27,"animationName":"background2"},"46":{"X":35686,"Y":2343,"type":1,"width":596,"height":27,"animationName":"background2"},"47":{"X":36264,"Y":2344,"type":1,"width":596,"height":27,"animationName":"background2"},"48":{"X":25056,"Y":1800,"type":1,"width":596,"height":27,"animationName":"background2"}},"Brick_2":{"1":{"X":20922,"Y":1167,"type":2,"width":517,"height":339,"animationName":"background2"},"2":{"X":1485,"Y":593,"type":2,"width":517,"height":339,"animationName":"background2"},"3":{"X":1947,"Y":896,"type":2,"width":517,"height":339,"animationName":"background2"},"4":{"X":8114,"Y":897,"type":2,"width":517,"height":339,"animationName":"background2"},"5":{"X":28482,"Y":1480,"type":2,"width":517,"height":339,"animationName":"background2"},"6":{"X":28970,"Y":1800,"type":2,"width":517,"height":339,"animationName":"background2"}},"Brick_3":{"1":{"X":1080,"Y":416,"type":3,"width":72,"height":72},"2":{"X":1240,"Y":448,"type":3,"width":72,"height":72},"3":{"X":1520,"Y":600,"type":3,"width":72,"height":72},"4":{"X":1648,"Y":680,"type":3,"width":72,"height":72},"5":{"X":1792,"Y":784,"type":3,"width":72,"height":72},"6":{"X":1928,"Y":896,"type":3,"width":72,"height":72},"7":{"X":2064,"Y":976,"type":3,"width":72,"height":72},"8":{"X":1392,"Y":520,"type":3,"width":72,"height":72},"9":{"X":2232,"Y":1064,"type":3,"width":72,"height":72},"10":{"X":3824,"Y":720,"type":3,"width":73,"height":73},"11":{"X":3976,"Y":656,"type":3,"width":73,"height":73},"12":{"X":5600,"Y":960,"type":3,"width":73,"height":73},"13":{"X":6424,"Y":920,"type":3,"width":73,"height":73},"14":{"X":7384,"Y":706,"type":3,"width":73,"height":73},"15":{"X":7488,"Y":706,"type":3,"width":73,"height":73},"16":{"X":7592,"Y":706,"type":3,"width":73,"height":73},"17":{"X":5600,"Y":856,"type":3,"width":73,"height":73},"18":{"X":4120,"Y":680,"type":3,"width":73,"height":73},"19":{"X":11745,"Y":1919,"type":3,"width":73,"height":73},"20":{"X":12423,"Y":1919,"type":3,"width":73,"height":73},"21":{"X":14444,"Y":1919,"type":3,"width":73,"height":73},"22":{"X":13292,"Y":1911,"type":3,"width":73,"height":73},"23":{"X":13572,"Y":1911,"type":3,"width":73,"height":73},"24":{"X":8830,"Y":951,"type":3,"width":73,"height":73},"25":{"X":23014,"Y":1263,"type":3,"width":72,"height":72},"26":{"X":23118,"Y":1263,"type":3,"width":72,"height":72},"27":{"X":23222,"Y":1263,"type":3,"width":72,"height":72},